k,bic,aic,silhouette
10,-2289435.063019344,-2394142.274169922,0.07925767451524734
15,-2279630.94518986,-2436695.7104492188,0.07446303963661194
20,-2253900.2089521727,-2463322.5283203125,0.07261046022176743
25,-2219806.8950777664,-2481586.7685546875,0.0711224302649498
30,-2183781.446437735,-2497918.8740234375,0.07659813016653061
